87_Clockers,  https://www.mangareader.net/87-clockers, 
Addicted_to_Curry,  https://www.mangareader.net/addicted-to-curry, 
Air_Gear,  https://www.mangareader.net/air-gear, 
Akame_Ga_Kiru,  https://www.mangareader.net/akame-ga-kiru, 
Akatsuki_no_Yona,  https://www.mangareader.net/akatsuki-no-yona, 
Angel_Densetsu,  https://www.mangareader.net/angel-densetsu, 
Assassination_Classroom,  https://www.mangareader.net/assassination-classroom, 
Bakuman,  https://www.mangareader.net/bakuman, 
Bambino,  https://www.mangareader.net/bambino, 
Beelzebub,  https://www.mangareader.net/beelzebub, 
Billy_Bat,  https://www.mangareader.net/billy-bat, 
BlackJack,  https://www.mangareader.net/black-jack, 
Black_Cat,  https://www.mangareader.net/black-cat, 
Black_Clover,  https://www.mangareader.net/black-clover, 
Bleach,  https://www.mangareader.net/bleach, 
Boku_No_Hero_Academia,  https://www.mangareader.net/boku-no-hero-academia, 
Boruto,  https://www.mangareader.net/boruto, 
Bungou_Stray_Dogs,  https://www.mangareader.net/bungou-stray-dogs, 
City_Hunter,  https://www.mangareader.net/city-hunter, 
Code_Breaker,  https://www.mangareader.net/code-breaker, 
Deadman_Wonderland,  https://www.mangareader.net/deadman-wonderland, 
Death_Note,  https://www.mangareader.net/death-note, 
Doraemon,  https://www.mangareader.net/doraemon, 
Dr_Stone,  https://www.mangareader.net/dr-stone, 
Dragon_Ball,  https://www.mangareader.net/dragon-ball, 
Eyeshield_21,  https://www.mangareader.net/eyeshield-21, 
Fairy_Tail,  https://www.mangareader.net/fairy-tail, 
Fairy_Tail_Zero,  https://www.mangareader.net/fairy-tail-zero, 
Full_Metal_Alchemist,  https://www.mangareader.net/full-metal-alchemist, 
Gamaran,  https://www.mangareader.net/gamaran, 
Gintama,  https://www.mangareader.net/gintama, 
Great_Teacher_Onizuka,  https://www.mangareader.net/great-teacher-onizuka, 
Gun_x_Clover,  https://www.mangareader.net/gun-x-clover, 
Helck,  https://www.mangareader.net/helck, 
Hells_Kitchen,  https://www.mangareader.net/hells-kitchen, 
Hikaru_no_Go,  https://www.mangareader.net/hikaru-no-go, 
Hinamatsuri,  https://www.mangareader.net/hinamatsuri, 
History_Strongest_Disciple_Kenichi,  https://www.mangareader.net/historys-strongest-disciple-kenichi, 
Hitman_Reborn,  https://www.mangareader.net/katekyo-hitman-reborn, 
HunterxHunter,  https://www.mangareader.net/hunter-x-hunter, 
InuYasha,  https://www.mangareader.net/inuyasha, 
Kekkaishi,  https://www.mangareader.net/kekkaishi, 
King_Golf,  https://www.mangareader.net/king-golf, 
Kingdom,  https://www.mangareader.net/kingdom, 
Kingdom_Game,  https://www.mangareader.net/kingdom-game, 
Kuroko_no_Basket,  https://www.mangareader.net/kuroko-no-basket, 
Legend_of_Koizumi,  https://www.mangareader.net/the-legend-of-koizumi, 
Liars_Game,  https://www.mangareader.net/liar-game, 
Magi,  https://www.mangareader.net/magi, 
Mairimashita_Iruma_Kun,  https://www.mangareader.net/mairimashita-iruma-kun, 
Mx0,  https://www.mangareader.net/mx0, 
Nanatsu_no_Taizai,  https://www.mangareader.net/nanatsu-no-taizai, 
Naruto,  https://www.mangareader.net/naruto, 
Naruto_Gaiden_The_Seventh_Hokage,  https://www.mangareader.net/naruto-gaiden-the-seventh-hokage, 
Nisekoi,  https://www.mangareader.net/nisekoi, 
Nodame_Cantabile,  https://www.mangareader.net/nodame-cantabile, 
One_Piece,  https://www.mangareader.net/one-piece, 
One_Punch_Man,  https://www.mangareader.net/onepunch-man, 
Peace_Maker,  https://www.mangareader.net/peace-maker, 
Platinum_End,  https://www.mangareader.net/platinum-end, 
Pluto,  https://www.mangareader.net/pluto, 
Prince_of_Tennis,  https://www.mangareader.net/prince-of-tennis, 
Prince_of_Tennis_New,  https://www.mangareader.net/new-prince-of-tennis, 
Promised_Neverland,  https://www.mangareader.net/the-promised-neverland, 
Psyren,  https://www.mangareader.net/psyren, 
Ranma_1_2,  https://www.mangareader.net/ranma-12, 
Rave,  https://www.mangareader.net/rave, 
Rurouni_Kenshin,  https://www.mangareader.net/rurouni-kenshin, 
Shaman_King,  https://www.mangareader.net/shaman-king, 
Shaman_King_Flowers,  https://www.mangareader.net/shaman-king-flowers, 
Shokugeki_no_Soma,  https://www.mangareader.net/shokugeki-no-soma, 
Silver_Spoon,  https://www.mangareader.net/silver-spoon, 
Slam_Dunk,  https://www.mangareader.net/slam-dunk, 
Soredemo_Machi_wa_Mawatteiru,  https://www.mangareader.net/soredemo-machi-wa-mawatteiru, 
Soul_Eater,  https://www.mangareader.net/soul-eater, 
Tate_no_Yuusha,  https://www.mangareader.net/tate-no-yuusha-no-nariagari, 
Team_Medical_Dragon,  https://www.mangareader.net/team-medical-dragon, 
To_Love_Ru,  https://www.mangareader.net/to-love-ru, 
Tokyo_ESP,  https://www.mangareader.net/tokyo-esp, 
Toriko,  https://www.mangareader.net/toriko, 
Until_Death_Do_Us_Part,  https://www.mangareader.net/until-death-do-us-part, 
Witch_Hunter,  https://www.mangareader.net/witch-hunter, 
Wizards_Soul,  https://www.mangareader.net/wizards-soul-koi-no-seisen, 
World_Only_God_Knows,  https://www.mangareader.net/the-world-god-only-knows, 
Yakitate_Japan,  https://www.mangareader.net/yakitate-japan, 
Yamada_to_7_nin,  https://www.mangareader.net/yamada-kun-to-7-nin-no-majo, 
Yu_Gi_Oh,  https://www.mangareader.net/yu-gi-oh, 
Yu_Yu_Hakusho,  https://www.mangareader.net/yu-yu-hakusho, 
Zatch_Bell,  https://www.mangareader.net/zatch-bell, 
Zetman,  https://www.mangareader.net/zetman, 
test, test, 
